{
  "diagnostic_publishable": false,
  "diagnostic_render": {
    "applied_count": 91,
    "clipped_operation_count": 0,
    "error_type": null,
    "layout_remainders": [
      -5.0822394275665275,
      -3.8116795706748956,
      -5.0822394275665275,
      -3.8116795706748956,
      -3.8116795706748956,
      -5.0822394275665275,
      -3.8116795706748956,
      -3.8116795706748956,
      -14.497919232845305,
      -3.8116795706748956,
      -3.8116795706748956,
      -3.8116795706748956,
      -3.8116795706748956,
      -3.8116795706748956,
      -3.8116795706748956,
      -3.811579570674864,
      -3.8116795706748956,
      -3.811579570674864,
      -3.8116795706748956,
      -3.8115795706749207,
      -3.8116795706748956,
      -3.811579570674864,
      -3.8116795706748956,
      -3.8115795706749207,
      -3.8116795706748956,
      -3.811579570674864,
      -3.8116795706748956,
      -3.8116795706748956,
      -5.0822394275665275,
      -5.0822394275665275,
      -3.8116795706748956,
      -3.8116795706748956,
      -3.8116795706748956,
      -3.8116795706748956,
      -3.8116795706748956,
      -3.8116795706748956,
      -3.8116795706748956,
      -3.8116795706748956,
      -3.8116795706748956,
      -3.8116795706748956,
      -14.497919232845305,
      -3.4159996509552,
      -3.8116795706748956,
      -3.8116795706748956,
      -3.8997995607853007,
      -3.8116795706748956,
      -3.8116795706748956,
      -3.8116795706748956,
      -4.235199522972106,
      -3.8116795706748956,
      -3.8116795706748956,
      -3.8116795706748956,
      -14.497919232845305,
      -3.8116795706748956,
      -3.8116795706748956,
      -3.8116795706748956,
      -25.18415889501574,
      -25.184158895015713,
      -14.497919232845305,
      -25.184158895015713,
      -3.8116795706748956,
      -14.497919232845305,
      -3.8116795706748956,
      -3.8116795706748956,
      -3.8116795706748956,
      -3.8116795706748956,
      -14.497919232845305,
      -3.8116795706748956,
      -25.184158895015713,
      -14.497919232845305,
      -3.8116795706748956,
      -3.8116795706748956,
      -3.8116795706748956,
      -3.8116795706748956,
      -3.8116795706748956,
      -14.497919232845305,
      -3.8116795706748956,
      -3.8116795706748956,
      -3.8116795706748956,
      -3.8116795706748956,
      -67.92911754369736,
      -14.497919232845305,
      -3.8116795706748956,
      -3.4159996509552,
      -14.832199215173727,
      -47.62939817833901,
      -46.55663821935653,
      -121.36031585454941,
      -3.8116795706748956,
      -3.8116795706748956,
      -404.03518681526185
    ],
    "status": "WRITTEN_UNSAFE_DIAGNOSTIC"
  },
  "findings": [
    {
      "code": "P9_PROTECTED_REGION_REJECTED",
      "evidence_ids": [
        "patch-439e72cb0895b1fe29830019-body.flow_text.multi"
      ],
      "finding_id": "plan-body-flow_text-multi-439e72cb0895b1fe29830019-p9_protected_region_rejected-0",
      "severity": "HARD"
    }
  ],
  "outcome": {
    "artifact_produced": "NO",
    "capability": "PARTIAL",
    "fallback": "PAGE_PASSTHROUGH",
    "finding_codes": [
      "P9_PROTECTED_REGION_REJECTED"
    ],
    "integrity": "FAIL",
    "page_no": 1,
    "quality": "FAIL",
    "state": "FINALIZED",
    "translation_coverage": "NONE"
  },
  "schema_version": "transflow.p9-diagnostic-judgement/v1",
  "verdict": {
    "decision_id": "decision-candidate-plan-body-flow_text-multi-439e72cb0895b1fe29830019-0",
    "disposition": "FALLBACK",
    "finding_ids": [
      "plan-body-flow_text-multi-439e72cb0895b1fe29830019-p9_protected_region_rejected-0"
    ],
    "reason_code": "P9_PLAN_FALLBACK"
  }
}
